url,page_title
https://bulletin.miamioh.edu/academic-planning/,Academic Planning
https://bulletin.miamioh.edu/admission-graduate-students/,Admission for Graduate Students
https://bulletin.miamioh.edu/admission-undergraduate-students/,Admission for Undergraduate Students
https://bulletin.miamioh.edu/admission-undergraduate-students/transfer-student/,Transfer Student Admission
https://bulletin.miamioh.edu/course-registration-other-regulations/,Course Registration and Other Regulations
https://bulletin.miamioh.edu/courses-instruction/acc/,Accountancy (ACC)
https://bulletin.miamioh.edu/courses-instruction/bus/,Business Analysis (BUS)
https://bulletin.miamioh.edu/courses-instruction/cse/,Computer Science & Software Engineering (CSE)
https://bulletin.miamioh.edu/courses-instruction/eco/,Economics (ECO)
https://bulletin.miamioh.edu/courses-instruction/esp/,Entrepreneurship (ESP)
https://bulletin.miamioh.edu/courses-instruction/fin/,Finance (FIN)
https://bulletin.miamioh.edu/courses-instruction/,Courses of Instruction
https://bulletin.miamioh.edu/courses-instruction/isa/,Information Systems & Analytics (ISA)
https://bulletin.miamioh.edu/courses-instruction/mgt/,Management (MGT)
https://bulletin.miamioh.edu/courses-instruction/mkt/,Marketing (MKT)
https://bulletin.miamioh.edu/courses-instruction/mth/,Mathematics (MTH)
https://bulletin.miamioh.edu/courses-instruction/sta/,Statistics (STA)
https://bulletin.miamioh.edu/creative-arts/arts-management-arts-entrepreneurship/,Arts Management and Arts Entrepreneurship - Bachelor of Arts in Arts Management and Arts Entrepreneurship
https://bulletin.miamioh.edu/creative-arts/arts-management-comajor/,Arts Management Co-Major
https://bulletin.miamioh.edu/creative-arts/emerging-technology-business-design/emerging-technology-business-design-ba-emerging-technology-business-design/,Emerging Technology in Business and Design - Bachelor of Arts in Emerging Technology in Business and Design
https://bulletin.miamioh.edu/creative-arts/emerging-technology-business-design/esports-management-undergraduate-certificate/,Esports Management Undergraduate Certificate
https://bulletin.miamioh.edu/creative-arts/emerging-technology-business-design/games-simulation-bs/,Games + Simulation - Bachelor of Science
https://bulletin.miamioh.edu/creative-arts/emerging-technology-business-design/,Department of Emerging Technology in Business + Design
https://bulletin.miamioh.edu/creative-arts/fashion-comajor/,Fashion Co-Major
https://bulletin.miamioh.edu/creative-arts/minors/arts-management/,Arts Management Minor
https://bulletin.miamioh.edu/creative-arts/minors/digital-innovation/,Digital Innovation Minor
https://bulletin.miamioh.edu/creative-arts/minors/digital-marketing/,Digital Marketing Minor
https://bulletin.miamioh.edu/creative-arts/minors/emerging-technology-business-design/,Emerging Technology in Business and Design Minor
https://bulletin.miamioh.edu/creative-arts/minors/fashion/,Fashion Minor
https://bulletin.miamioh.edu/degree-certificate-requirements/,Degree and Certificate Requirements
https://bulletin.miamioh.edu/farmer-business/accountancy-bsb/,Accountancy- Bachelor of Science in Business
https://bulletin.miamioh.edu/farmer-business/accountancy-minor/,Accountancy Minor
https://bulletin.miamioh.edu/farmer-business/analytics-comajor/,Analytics Co-Major
https://bulletin.miamioh.edu/farmer-business/analytics-minor/,Business Analytics Minor
https://bulletin.miamioh.edu/farmer-business/arts-management-minor/,Arts Management Minor
https://bulletin.miamioh.edu/farmer-business/business-analytics-bsb/,Business Analytics- Bachelor of Science in Business
https://bulletin.miamioh.edu/farmer-business/business-economics-bsb/,Business-Economics- Bachelor of Science in Business
https://bulletin.miamioh.edu/farmer-business/business-global-market-certificate/,Business in the Global Market Certificate
https://bulletin.miamioh.edu/farmer-business/business-minor/,Business Minor
https://bulletin.miamioh.edu/farmer-business/climate-accounting-engineering-minor/,Climate Accounting and Engineering Minor
https://bulletin.miamioh.edu/farmer-business/creativity-entrepreneurship-certificate/,Creativity Entrepreneurship Certificate
https://bulletin.miamioh.edu/farmer-business/cybersecurity-management-accountancy-certificate/,Cybersecurity Management for Accountancy Certificate
https://bulletin.miamioh.edu/farmer-business/cybersecurity-management-minor/,Cybersecurity Management Minor
https://bulletin.miamioh.edu/farmer-business/deals-certificate/,Deals Certificate
https://bulletin.miamioh.edu/farmer-business/economics-minor/,Economics Minor
https://bulletin.miamioh.edu/farmer-business/entrepreneurship-comajor/,Entrepreneurship Co-Major
https://bulletin.miamioh.edu/farmer-business/entrepreneurship-minor/,Entrepreneurship Minor
https://bulletin.miamioh.edu/farmer-business/finance-bsb/,Finance- Bachelor of Science in Business
https://bulletin.miamioh.edu/farmer-business/finance-minor/,Finance Minor
https://bulletin.miamioh.edu/farmer-business/foundations-of-business-analytics-certificate/,Foundations of Business Analytics Certificate
https://bulletin.miamioh.edu/farmer-business/healthcare-sales-certificate/,Healthcare Sales Certificate
https://bulletin.miamioh.edu/farmer-business/human-capital-management-leadership-bsb/,Human Capital Management and Leadership- Bachelor of Science in Business
https://bulletin.miamioh.edu/farmer-business/human-capital-management-leadership-minor/,Human Capital Management and Leadership Minor
https://bulletin.miamioh.edu/farmer-business/,Farmer School of Business
https://bulletin.miamioh.edu/farmer-business/information-cybersecurity-management-bsb/,Information and Cybersecurity Management - Bachelor of Science in Business
https://bulletin.miamioh.edu/farmer-business/information-systems-minor/,Information Systems Minor
https://bulletin.miamioh.edu/farmer-business/international-business-minor/,International Business Minor
https://bulletin.miamioh.edu/farmer-business/management-minor/,Management Minor
https://bulletin.miamioh.edu/farmer-business/marketing-bsb/,Marketing- Bachelor of Science in Business
https://bulletin.miamioh.edu/farmer-business/marketing-minor/,Marketing Minor
https://bulletin.miamioh.edu/farmer-business/real-estate-bsb/,Real Estate - Bachelor of Science in Business
https://bulletin.miamioh.edu/farmer-business/real-estate-minor/,Real Estate Minor
https://bulletin.miamioh.edu/farmer-business/social-entrepreneurship-certificate/,Social Entrepreneurship Certificate
https://bulletin.miamioh.edu/farmer-business/startup-entrepreneurship-certificate/,StartUp Entrepreneurship Certificate
https://bulletin.miamioh.edu/farmer-business/supply-chain-management-minor/,Supply Chain Management Minor
https://bulletin.miamioh.edu/farmer-business/supply-chain-operations-management-bsb/,Supply Chain and Operations Management- Bachelor of Science in Business
https://bulletin.miamioh.edu/general-information/about-miami/,About Miami
https://bulletin.miamioh.edu/general-information/,General Information
https://bulletin.miamioh.edu/general-information/resources/,Resources
https://bulletin.miamioh.edu/general-information/undergraduate-graduate-majors-degrees/,Undergraduate and Graduate Majors and Degrees
https://bulletin.miamioh.edu/grades/,Grades
https://bulletin.miamioh.edu/graduate-awards-other-financial-assistance-students/,Graduate Awards and Other Financial Assistance for Graduate Students
https://bulletin.miamioh.edu/graduate-fields-study/accountancy/,Accountancy- Master of Accountancy
https://bulletin.miamioh.edu/graduate-fields-study/business-administration/,Business Administration- Master of Business Administration
https://bulletin.miamioh.edu/graduate-fields-study/business-analytics/,Business Analytics- Master of Science in Business Analytics
https://bulletin.miamioh.edu/graduate-fields-study/economics/,Economics- Master of Arts
https://bulletin.miamioh.edu/graduate-fields-study/entrepreneurship-emerging-technology/,Entrepreneurship and Emerging Technology - Master of Entrepreneurship and Emerging Technology
https://bulletin.miamioh.edu/graduate-fields-study/graduate-certificate-advanced-business-analytics/,Advanced Business Analytics Certificate
https://bulletin.miamioh.edu/graduate-fields-study/graduate-certificate-analytics/,Analytics Certificate
https://bulletin.miamioh.edu/graduate-fields-study/graduate-certificate-business-management/,Business Management Certificate
https://bulletin.miamioh.edu/graduate-fields-study/graduate-certificate-entrepreneurship-emerging-technology/,Entrepreneurship and Emerging Technology Certificate
https://bulletin.miamioh.edu/graduate-fields-study/management/,Management - Master of Science in Management
https://bulletin.miamioh.edu/graduate-school/,The Graduate School
https://bulletin.miamioh.edu/,Miami University
https://bulletin.miamioh.edu/liberal-education/,Liberal Education at Miami
https://bulletin.miamioh.edu/liberal-education/knowledge-in-action/,Knowledge in Action
https://bulletin.miamioh.edu/liberal-education/perspective-areas/,Perspectives Areas
https://bulletin.miamioh.edu/liberal-education/signature-inquiry/,Signature Inquiries
https://bulletin.miamioh.edu/other-requirements/,Other Requirements
https://bulletin.miamioh.edu/special-opportunities-programs/,Special Opportunities and Programs
https://miamioh.edu/fsb/student-resources/academic-advising/appointments.html,Appointments
https://miamioh.edu/fsb/student-resources/academic-advising/registration.html,Registration
https://miamioh.edu/fsb/student-resources/academic-advising/academics/majors.html,Majors
https://miamioh.edu/fsb/student-resources/academic-advising/academics/departments/accountancy.html,Accountancy
https://miamioh.edu/fsb/student-resources/academic-advising/academics/departments/analytics.html,Analytics Co-Major
https://miamioh.edu/fsb/student-resources/academic-advising/academics/departments/business-analytics.html,Business Analytics
https://miamioh.edu/fsb/student-resources/academic-advising/academics/departments/business-economics.html,Business Economics
https://miamioh.edu/fsb/student-resources/academic-advising/academics/departments/entrepreneurship.html,Entrepreneurship
https://miamioh.edu/fsb/student-resources/academic-advising/academics/departments/finance.html,Finance
https://miamioh.edu/fsb/student-resources/academic-advising/academics/departments/human-capital-management-leadership.html,Human Capital Management Leadership
https://miamioh.edu/fsb/student-resources/academic-advising/academics/departments/information-and-cybersecurity-management.html,Information and Cybersecurity Management
https://miamioh.edu/fsb/student-resources/academic-advising/academics/departments/marketing.html,Marketing
https://miamioh.edu/fsb/student-resources/academic-advising/academics/departments/real-estate.html,Real Estate
https://miamioh.edu/fsb/student-resources/academic-advising/academics/departments/supply-chain-and-operations-management.html,Supply Chain and Operations Management
https://miamioh.edu/fsb/student-resources/academic-advising/academics/minors-and-certificates1.html,Minors and Certificates
https://miamioh.edu/fsb/student-resources/academic-advising/academics/minors-and-certificates/accountancy-minor.html,Accountancy Minor
https://miamioh.edu/fsb/student-resources/academic-advising/academics/minors-and-certificates/arts-mgmt.html,Arts Management Minor
https://miamioh.edu/fsb/student-resources/academic-advising/academics/minors-and-certificates/business-minor.html,Business Minor
https://miamioh.edu/fsb/student-resources/academic-advising/academics/minors-and-certificates/ba-minor.html,Business Analytics Minor
https://miamioh.edu/fsb/student-resources/academic-advising/academics/minors-and-certificates/bgm-certificate.html,Business in the Global Market
https://miamioh.edu/fsb/student-resources/academic-advising/academics/minors-and-certificates/climacc-eng-minor.html,Climate Accounting and Engineering Minor
https://miamioh.edu/fsb/student-resources/academic-advising/academics/minors-and-certificates/creativity-esp.html,Creativity Entrepreneurship Certificate
https://miamioh.edu/fsb/student-resources/academic-advising/academics/minors-and-certificates/cybersec-mgmt.html,Cybersecurity Management Minor
https://miamioh.edu/fsb/student-resources/academic-advising/academics/minors-and-certificates/cyberacc-mgmt.html,Cybersecurity Management for Accountancy Certificate
https://miamioh.edu/fsb/student-resources/academic-advising/academics/minors-and-certificates/deals-cert.html,Deals Certificate
https://miamioh.edu/fsb/student-resources/academic-advising/academics/minors-and-certificates/eco-minor.html,Economics Minor
https://miamioh.edu/fsb/student-resources/academic-advising/academics/minors-and-certificates/esp-minor.html,Entrepreneurship Minor
https://miamioh.edu/fsb/student-resources/academic-advising/academics/minors-and-certificates/fin-minor.html,Finance Minor
https://miamioh.edu/fsb/student-resources/academic-advising/academics/minors-and-certificates/fnd-ba-cert.html,Foundation of Business Analytics Certificate
https://miamioh.edu/fsb/student-resources/academic-advising/academics/minors-and-certificates/hcml-minor.html,Human Capital Management and Leadership Minor
https://miamioh.edu/fsb/student-resources/academic-advising/academics/minors-and-certificates/healthcare-sales-cert.html,Healthcare Sales Certificate 
https://miamioh.edu/fsb/student-resources/academic-advising/academics/minors-and-certificates/is-minor.html,Information Systems Minor
https://miamioh.edu/fsb/student-resources/academic-advising/academics/minors-and-certificates/ib-minor.html,International Business Minor
https://miamioh.edu/fsb/student-resources/academic-advising/academics/minors-and-certificates/mgt-minor.html,Management Minor
https://miamioh.edu/fsb/student-resources/academic-advising/academics/minors-and-certificates/mkt-minor.html,Marketing Minor
https://miamioh.edu/fsb/student-resources/academic-advising/academics/minors-and-certificates/re-minor.html,Real Estate Minor
https://miamioh.edu/fsb/student-resources/academic-advising/academics/minors-and-certificates/scm-minor.html,Supply Chain Management
https://miamioh.edu/fsb/student-resources/academic-advising/academics/minors-and-certificates/social-esp-cert.html,Social Entrepreneurship Certificate
https://miamioh.edu/fsb/student-resources/academic-advising/academics/minors-and-certificates/startup-esp-cert.html,Startup Entrepreneurship Certificate
https://miamioh.edu/fsb/admission/highschool-students.html,High School Students
https://miamioh.edu/fsb/admission/transfer-students.html,Transfer Students
https://miamioh.edu/fsb/admission/current-students.html,Current Students
https://miamioh.edu/fsb/student-resources/academic-advising/forms.html,Approvals and Petitions
https://www.apps.miamioh.edu/courselist/,"

                            Course List
                            
 

                                Course List
                            
"
https://miamioh.edu/regionals/student-resources/academic-advising/academic-status/gpa-calculator.html,GPA Calculator
https://miamioh.edu/academic-programs/academic-calendar/index.html,Academic Calendar
https://miamioh.edu/onestop/academic-records/access-order-transcripts.html,How Do I Access and Order Transcripts?
https://miamioh.edu/onestop/registration/courses/credit-no-credit.html,Credit/No Credit Grading
https://miamioh.edu/onestop/registration/courses/add-drop-course.html,Add or Drop a Course
https://miamioh.formstack.com/forms/fsb_change_of_program,
https://miamioh.edu/onestop/transfer-credit/,Transfer Credit
https://miamioh.edu/onestop/registration/holds-on-student-accounts.html,Holds on Student Accounts
https://miamioh.edu/onestop/registration/courses/final-exams/index.html,Final Exams
https://miamioh.edu/onestop/registration/courses/banner-waitlist-ror.html,Banner Waitlist and Registration Override Request (ROR)
https://miamioh.edu/onestop/registration/courses/excess-hours.html,Request Permission to Take Excess Hours
https://miamioh.edu/onestop/registration/courses/courses-at-another-miami-campus/index.html,Take a Course on Another Miami Campus
https://miamioh.edu/onestop/registration/courses/repeat-courses.html,Repeat a Course
https://miamioh.edu/onestop/registration/courses/audit-class.html,Audit a Course
https://miamioh.edu/onestop/academic-records/president-deans-lists.html,President’s and Deans’ Lists
https://miamioh.edu/onestop/academic-records/graduation-diplomas/index.html,Apply for Graduation
https://miamioh.edu/onestop/academic-records/graduation-diplomas/degree-honors-distinction.html,Degree Honors and Distinction
https://miamioh.edu/onestop/academic-records/graduation-diplomas/diplomas.html,Diplomas
https://miamioh.edu/onestop/academic-records/academic-probation.html,Academic Probation
https://miamioh.edu/onestop/costs/oxford-undergrads/enrolled-2016-or-later/index.html,Oxford Undergraduates Enrolled in 2016 or Later
https://miamioh.edu/integrity/policies-process,"



Academic Integrity


    
 In this section Policies and Process"
https://miamioh.edu/fsb/academics/business-honors-program/index.html,Business Honors Program
https://miamioh.edu/fsb/academics/business-honors-program/admission.html,Admission to Honors
https://miamioh.edu/fsb/academics/business-honors-program/requirements.html,Honors Program Requirements
https://bulletin.miamioh.edu/farmer-business/business-leadership-comajor/,Business Leadership Co-Major
https://bulletin.miamioh.edu/farmer-business/business-leadership-minor/,Business Leadership Minor
